,Pos_1,Pos_2,Pos_3,Pos_4,Pos_5,Pos_6,Pos_7,Pos_8,Pos_9,Pos_10,Pos_11,Pos_12,Pos_13,Pos_14,Pos_15
A,0.20075455642073092,0.29090565341502855,0.29090565341502855,0.32480720509070987,0.8748535420099819,0.7843395344691501,0.42011738489503475,0.5479507564049197,0.6963707615231928,0.2735139107031595,1.299366845088841,0.037125132638928866,1.787290704568147,0.624911797541048,-0.5114408191099088
R,-2.0955609235597192,-3.48185528467961,-2.7887081041196646,-1.8724173722455095,-2.3832429960115,-2.3832429960115,-1.4024137429997738,-2.0955609235597192,-0.9169059272180731,-0.9169059272180731,-2.0955609235597192,-0.11455945469313579,-1.0839600118812391,-0.5914835267834451,0.044505239936551595
N,-3.0763901765714454,-1.9777778879033359,-2.3832429960115,-1.9777778879033359,-1.6900958154515549,-1.9777778879033359,-0.8791655992352261,-2.3832429960115,-0.36833997546923547,-1.2846307073433905,-1.4669522641373451,-0.36833997546923547,-1.6900958154515549,-0.08065790301745453,0.10166365377650005
D,-1.8724173722455095,-2.7887081041196646,-3.48185528467961,-2.7887081041196646,-1.6900958154515549,-2.0955609235597192,-2.7887081041196646,-1.5359451356242966,-0.9169059272180731,-1.0839600118812391,-2.7887081041196646,-0.48612301112561884,-2.7887081041196646,0.014652276786870415,0.10166365377650026
C,1.4453984004775948,1.0179543856506552,1.143117528604661,1.20027594244461,1.2543431637148854,1.7438913890335914,1.528780009416646,1.305636458102436,0.38934572622828106,1.0824929067882263,1.8362647091646065,0.5071287618846645,1.4453984004775948,0.6124892775424908,0.6124892775424908
Q,-1.9777778879033359,-1.6900958154515549,-1.2846307073433905,-0.9969486348916096,-1.4669522641373451,-0.5114408191099088,-0.4373328469561868,-1.4669522641373451,0.35759702791370085,0.014652276786870415,-1.9777778879033359,0.8939017369806762,-0.9969486348916096,0.7077994573468157,0.10166365377650005
E,-3.636005964506868,-3.636005964506868,-3.636005964506868,-2.5373936758387585,-2.2497116033869777,-2.026568052072768,-1.8442464952788131,-1.5565644228270323,-0.9969486348916096,-0.5005117485777186,-1.8442464952788131,0.02755568162277816,-2.2497116033869777,0.10166365377650005,0.1251941511866941
G,-0.8027926204506521,-1.151099314718868,-0.6915669853404279,-0.5449635111485526,-0.3401690985025391,-0.5914835267834453,-0.3779094264853862,-0.5914835267834453,0.5228771188528036,0.42443704603955107,0.17065652526345151,-0.4171301396386674,1.0735242368054658,0.1926354319822267,-0.13949840304038794
H,-1.2846307073433905,-0.9969486348916096,-1.2846307073433905,-1.2846307073433905,-0.7738050835773999,-1.6900958154515549,-0.4373328469561868,-0.5914835267834453,0.5611959831549402,-0.3038014543316642,-1.6900958154515549,1.11326456545498,-1.6900958154515549,-0.08065790301745453,0.32480720509070987
I,0.07349277680980391,0.3023343492386514,0.27934483101395247,0.07349277680980391,-0.6486419406233938,-0.34636106875046,-0.1860184186752808,0.2558143336037585,-0.9969486348916096,-1.0839600118812391,-1.0839600118812391,-0.7092665624398287,-2.7887081041196646,-0.4373328469561868,-0.5914835267834451
L,1.3303290706928075,1.5085773020991264,1.290522820292388,1.414490863014518,1.3205250705961866,1.1193068799109427,1.1721050654779135,0.725817962849494,-0.46632038382943924,0.48465590603260583,-0.9969486348916096,0.2699989685957149,-1.59478563564723,-0.1425333067355419,-0.814627078097655
K,-2.0955609235597192,-2.3832429960115,-3.48185528467961,-2.7887081041196646,-3.48185528467961,-3.48185528467961,-1.8724173722455095,-2.7887081041196646,-1.6900958154515549,-1.4024137429997738,-2.0955609235597192,-1.0839600118812391,-1.8724173722455095,-0.3908128313212939,-0.3038014543316642
M,-0.08065790301745453,-0.4373328469561868,0.10166365377650005,0.014652276786870415,-0.08065790301745453,0.6124892775424908,0.2558143336037585,0.18170636145003655,0.014652276786870415,-0.1860184186752808,-0.9969486348916096,-0.3038014543316642,-0.9969486348916096,-0.5914835267834453,-1.6900958154515549
F,0.8554354561528804,0.5071287618846645,0.29090565341502855,0.587171469558201,0.10166365377650005,0.18170636145003655,0.684809939122117,0.18170636145003655,-0.5114408191099088,-0.1319511974050051,-1.9777778879033359,-0.24317683251522948,-1.9777778879033359,-0.1860184186752808,-0.7738050835773999
P,-1.2200921862058194,-0.9969486348916096,-0.9969486348916096,-1.6900958154515549,-0.814627078097655,-1.353623578830342,-0.46632038382943924,0.31138418475856916,0.6124892775424908,0.5716672830222356,-1.5077742586576004,-0.9969486348916096,-0.2550112901622322,-2.2009214392175456,1.0311996124006757
S,-0.17027006170714168,-0.6915669853404279,-0.4171301396386674,-0.3779094264853862,0.05287348960706797,0.1251941511866941,-0.3038014543316642,-0.3038014543316642,0.6124892775424908,0.42443704603955107,0.6680591286973017,0.4583385977152325,0.40704530332768196,0.2141416372031904,0.4583385977152325
T,-0.526945005645874,-0.814627078097655,-0.2084912745273395,-0.7345843704241185,-0.814627078097655,-0.526945005645874,-0.2550112901622322,-0.3550947487192148,0.4616663878079071,0.06776210210081876,0.38934572622828106,-0.3038014543316642,-1.1023091505494358,-0.2084912745273395,0.31138418475856916
W,0.6124892775424908,0.7948108343364454,0.6124892775424908,0.7077994573468157,-0.3038014543316642,0.6124892775424908,0.7077994573468157,0.9489615141637038,0.10166365377650005,0.2558143336037585,-1.6900958154515549,1.528780009416646,-1.6900958154515549,0.2558143336037585,-0.3038014543316642
Y,-1.6900958154515549,-1.6900958154515549,-0.8427979550643512,-1.4024137429997738,-1.1792701916855641,-0.8427979550643512,-0.5914835267834451,-0.3908128313212939,-0.8427979550643512,-0.5914835267834451,-2.7887081041196646,-0.0161193818798833,-2.0955609235597192,0.2558143336037585,-0.14965077450440592
V,0.42443704603955107,0.29581966821745753,0.7077994573468155,0.2558143336037583,-0.025088051862643682,0.1926354319822267,-0.2687101345203942,0.8638037058233968,-0.3779094264853862,0.10166365377650005,1.1346786599587966,-0.6402736909528773,-2.5373936758387585,-0.4579521341589226,-0.3038014543316642
