Score,Label,Prediction
11.01261955262418,1,1
5.219260918045707,1,0
9.655683187603413,1,1
8.59333092111875,1,1
9.936323312922143,1,1
7.7286504185131175,1,1
11.513409711126961,1,1
3.741833608045064,1,0
8.85247026718423,1,1
0.6830531578184931,1,0
9.474266776442871,1,1
7.432686306897153,1,1
4.658660536174431,1,0
3.266201018350882,1,0
9.705079676023523,1,1
4.297490857477519,1,0
8.716759236973644,1,1
8.657998655229385,1,1
12.115710211354555,1,1
9.667556046342249,1,1
5.379386843180866,1,0
10.870946912934594,1,1
6.594518999495606,1,1
11.07897463503187,1,1
10.164787583021798,1,1
7.409763826316008,1,1
11.041158102806964,1,1
10.138085401127565,1,1
7.8506565397462955,1,1
8.674007693876515,1,1
1.5616656725475586,1,0
5.756837348243462,1,0
7.216358574962977,1,1
8.505609875006975,1,1
5.043932997072183,1,0
14.105767870991023,1,1
4.750009515902367,1,0
5.360762749061763,1,0
7.577692823418141,1,1
4.487175023069498,1,0
9.789878075919082,1,1
8.775362630620384,1,1
3.563988369017828,1,0
8.936425380450581,1,1
5.329800915372157,1,0
11.340319389520737,1,1
9.459312954405593,1,1
5.20456177977414,1,0
4.266937520545458,1,0
12.362079549192028,1,1
6.295346453069247,1,1
9.909337282071256,1,1
4.608329731794064,1,0
7.963935662075834,1,1
8.126080179343175,1,1
7.875843273651586,1,1
8.216949523359672,1,1
10.134287764604041,1,1
8.474490134782767,1,1
6.359261300404258,1,1
10.511128698907052,1,1
8.318080358924593,1,1
4.0095614303094,1,0
8.293467341137552,1,1
7.848078405564035,1,1
9.943292625629265,1,1
11.535150686450983,1,1
7.877015779713319,1,1
8.614749290414384,1,1
6.141829934070623,1,0
6.890535773066731,1,1
2.6225446051054617,1,0
9.922905435083031,1,1
7.277049283739076,1,1
3.6775653176756187,1,0
5.0689360377494985,1,0
10.030936427679743,1,1
7.7248814876271465,1,1
6.173652267961572,1,1
6.682917066099559,1,1
10.312426018513907,1,1
3.8868707107002405,1,0
9.317216621413811,1,1
10.413069808828395,1,1
8.217959683952637,1,1
10.124531751570995,1,1
7.8350137574549175,1,1
8.83862773978477,1,1
11.124001422362824,1,1
10.032377899272344,1,1
7.425724437094401,1,1
4.941083623388434,1,0
6.324008541599683,1,1
5.632017288836701,1,0
10.014641139853833,1,1
2.9918796617128156,1,0
5.8037353562023615,1,0
1.870933362315156,1,0
8.999525724756074,1,1
10.482090597355938,1,1
5.658987542567793,1,0
5.898479312390392,1,0
0.11453919262177333,1,0
5.963547306262681,1,0
9.54249743354742,1,1
9.61259909049932,1,1
9.236276869630444,1,1
9.116328652973069,1,1
5.660445947573152,1,0
9.24914664389517,1,1
7.635177122049798,1,1
11.43296877167726,1,1
5.309017785270366,1,0
7.124326252108119,1,1
10.87364167716785,1,1
12.541699518595058,1,1
9.18713094646104,1,1
6.67238973462639,1,1
9.658932398732738,1,1
7.683265563780983,1,1
7.552024776551045,1,1
10.259606101407828,1,1
5.279171118543083,1,0
2.6947898274692013,1,0
6.613371386866944,1,1
6.6359673775676695,1,1
9.125310030476316,1,1
8.629240934543043,1,1
6.332853824812066,1,1
5.1086362809525045,1,0
6.805069218287679,1,1
6.5620893631940564,1,1
8.984188732558462,1,1
5.203066426517212,1,0
11.381552625259438,1,1
4.992549585634457,1,0
12.151425587065557,1,1
8.926870266007361,1,1
6.183775278820314,1,1
7.965684539911275,1,1
10.106948104016183,1,1
4.304972658664914,1,0
7.217588212911809,1,1
9.670246061269507,1,1
9.26153419007803,1,1
8.094053920582512,1,1
4.508919216512805,1,0
6.290960959042091,1,1
7.944034563313729,1,1
9.305311363585298,1,1
9.287858538484866,1,1
6.922365124390107,1,1
7.554165719543394,1,1
6.957172007333864,1,1
7.916200895093258,1,1
7.971550168512178,1,1
9.384959594829212,1,1
5.462960444045681,1,0
8.46854536206255,1,1
11.394281324694916,1,1
8.339792028877246,1,1
9.527932762665305,1,1
8.07918929915083,1,1
9.34419989919312,1,1
9.390331283340052,1,1
11.026378116348234,1,1
8.786632121240206,1,1
11.662663445622039,1,1
8.70010948194143,1,1
7.071704888930874,1,1
7.891381363803308,1,1
9.507237700934784,1,1
8.662438436902717,1,1
9.82153342498532,1,1
7.712649902553948,1,1
6.048733811648593,1,0
6.360619439762322,1,1
11.991143124409867,1,1
8.536855064351359,1,1
4.977124430248744,1,0
5.709891753745441,1,0
9.765142939043796,1,1
9.867393702443511,1,1
13.031589481925334,1,1
7.221247973973321,1,1
12.065916671945558,1,1
10.661966473635804,1,1
5.643779278330646,1,0
8.215450252245468,1,1
10.139209564947793,1,1
10.188376927609422,1,1
9.34787635076966,1,1
12.356573364985403,1,1
9.58515601192089,1,1
5.165828159296801,1,0
6.183187058428911,1,1
8.376288297537947,1,1
8.800825501108159,1,1
5.573453524927588,1,0
3.4439174112606548,1,0
8.4457407472189,1,1
9.715334491216677,1,1
9.936819564524642,1,1
1.1572303252491984,1,0
8.699602134481388,1,1
5.816354450538684,1,0
2.692954139279335,1,0
8.528127045489377,1,1
11.329525291511228,1,1
9.235033168553372,1,1
7.328479684372789,1,1
10.993699549865646,1,1
6.254803430946347,1,1
7.730300215751348,1,1
8.019892084757974,1,1
6.2436827714639636,1,1
7.903578861901303,1,1
3.7750686066943024,0,0
1.4227401212629576,0,0
-2.8231049655005513,0,0
-1.8059708089177247,0,0
-2.8595117764861406,0,0
5.784026869847241,0,0
-1.4926996768970526,0,0
0.3035596671104306,0,0
-0.006611122560373994,0,0
-4.422824088334923,0,0
-2.28943532356364,0,0
-3.2724945131646144,0,0
5.111288658203726,0,0
-0.5237527323758115,0,0
0.7996947881051092,0,0
4.057397653988536,0,0
-0.16031101069986653,0,0
-0.10040042034990582,0,0
2.422743239938128,0,0
-1.209718637892184,0,0
1.7285408919934924,0,0
0.11981573300275683,0,0
5.6774364029212485,0,0
-4.705549281200722,0,0
-0.7420421140730191,0,0
2.1878909891991913,0,0
-2.5557499847502507,0,0
-0.7278536259070143,0,0
2.0042534278443283,0,0
0.12137241840457508,0,0
2.923988763738435,0,0
4.227737869024312,0,0
1.643979862717471,0,0
-0.3355760233305194,0,0
4.027974634603703,0,0
1.8524287904741614,0,0
0.5468163053428157,0,0
0.2218043650662085,0,0
-0.5293916377712518,0,0
-3.678062647747809,0,0
-1.1234296352412596,0,0
3.3931971004752493,0,0
4.704454152462991,0,0
-6.056108417962053,0,0
-2.233179921968234,0,0
0.797986279041359,0,0
0.6263250842828592,0,0
1.8098112020072374,0,0
1.814498115061902,0,0
0.3685407558402547,0,0
2.895232130257786,0,0
2.4599284953837652,0,0
-1.88483703802522,0,0
2.0478852933432337,0,0
-2.156472373866939,0,0
-1.3377213980418268,0,0
-3.1949536905758755,0,0
3.6712284021216073,0,0
-3.4956588137057145,0,0
-0.569816989690605,0,0
-2.6267995471816694,0,0
1.6023309095219014,0,0
5.445654107004135,0,0
-1.1863839697365133,0,0
-1.673796693052966,0,0
-0.5926803969549366,0,0
3.7260654955920223,0,0
-0.36950677664971654,0,0
-1.8430151564571453,0,0
1.5154868067931744,0,0
-1.6768911723795452,0,0
1.3580263017728122,0,0
-0.5645200012821723,0,0
-5.289438596389221,0,0
3.126847373133801,0,0
1.4307204176495265,0,0
2.1487793079414046,0,0
3.340899652934338,0,0
-0.8970464731798389,0,0
1.8978976760741224,0,0
1.6009588005368074,0,0
-2.2121677348204827,0,0
3.7307946976715187,0,0
3.826207431903783,0,0
-2.7123166673340986,0,0
-2.0029653878141804,0,0
0.6330277371895465,0,0
2.5644059553237097,0,0
-0.9503445533077612,0,0
0.02631510087091271,0,0
7.120132070199034,0,1
-1.4158020743189665,0,0
-1.769019104813514,0,0
2.156945678538038,0,0
0.15955584826213123,0,0
-1.0872012942346174,0,0
5.791104598983792,0,0
2.2181377085685,0,0
-0.06883570849844967,0,0
0.989133721670159,0,0
0.9256279552256094,0,0
-3.2706679350694277,0,0
-3.4689047476060817,0,0
6.8850801293904285,0,1
-1.5959665761655994,0,0
0.11111164416787056,0,0
3.030848699315726,0,0
3.85833106381723,0,0
1.8532132301582585,0,0
-1.0750919791641094,0,0
0.4732000008894172,0,0
0.027427032686048736,0,0
1.9909818137582913,0,0
0.560668339302143,0,0
5.439758225284717,0,0
1.4503233192813023,0,0
7.386948680614312,0,1
-0.8694343915439454,0,0
-0.3531366214453923,0,0
3.03501116582824,0,0
-2.7942528062907055,0,0
5.187662879328139,0,0
1.4883464676305707,0,0
-2.6904600659141504,0,0
-1.6990606445873286,0,0
0.7364783564903006,0,0
-1.0429586730428,0,0
1.2524123677194703,0,0
-1.920817986968916,0,0
-2.1305736267956794,0,0
-0.13625190537557014,0,0
-3.645253339127936,0,0
0.664295759644232,0,0
6.825787900553236,0,1
-1.9198483640087973,0,0
-2.976757536376645,0,0
4.612762709706445,0,0
0.9042165007423104,0,0
2.800810207556128,0,0
1.5136536776440788,0,0
7.074359503754009,0,1
-0.6163558610147917,0,0
5.446465806763139,0,0
7.440906945354991,0,1
5.582684364290372,0,0
7.370504670274701,0,1
0.3580820419528513,0,0
0.524068862170299,0,0
-0.715313486938681,0,0
1.0530052367664196,0,0
0.5341211250527818,0,0
7.722052753776285,0,1
-2.687922008218309,0,0
1.3022264856258614,0,0
2.4318273735415104,0,0
-1.413518578647336,0,0
7.127468534898128,0,1
0.33584390104041917,0,0
-3.9382783512651325,0,0
2.028818426755868,0,0
3.3778572404415215,0,0
5.255203812253237,0,0
-1.9750516616806775,0,0
0.52040886823379,0,0
-0.13714810812455863,0,0
1.118100435218752,0,0
2.0420384541613807,0,0
-2.001414835398493,0,0
-1.8351402265259642,0,0
0.6240541578002852,0,0
-6.735076502674207,0,0
-0.6719829995609633,0,0
-3.728247071960944,0,0
-1.313794770385202,0,0
4.763236873731545,0,0
-1.1537433151722478,0,0
3.54794951069273,0,0
-3.4265277283788858,0,0
2.1463070537382536,0,0
-0.539478340738539,0,0
-3.4037913831448745,0,0
3.935469336060887,0,0
-2.396883934927909,0,0
-2.041316162062264,0,0
4.905463496600934,0,0
-3.013172697416424,0,0
1.3717204435971495,0,0
3.569762828619215,0,0
2.794838127583732,0,0
4.838985468379182,0,0
0.9728560294089423,0,0
1.9754678482689876,0,0
9.98891355266628,0,1
1.1824963158393271,0,0
7.230931466151666,0,1
3.8433180515114564,0,0
0.28340015342570474,0,0
2.5518061134889374,0,0
3.642649127965641,0,0
-2.7385708216596005,0,0
2.955578831359068,0,0
2.9865731124790025,0,0
-1.6136385035495162,0,0
-2.308944294695461,0,0
9.07011940048617,0,1
-0.6823971051190557,0,0
-2.7221164208840736,0,0
1.6785142005473654,0,0
3.8613768539858357,0,0
2.657996283659556,0,0
-6.147480865553271,0,0
6.879759512331597,0,1
6.903195839233908,0,1
3.9189754731819386,0,0
-1.4159556459886242,0,0
-0.9439952515387331,0,0
2.674835615473542,0,0
3.8285986178737925,0,0
1.983568279561726,0,0
5.720433333188035,0,0
5.033447508763858,0,0
-0.5842808561996451,0,0
-2.078252277675307,0,0
4.279506928607025,0,0
0.8544872752722199,0,0
-2.423446971752807,0,0
-0.056339953265149845,0,0
-4.749137632416283,0,0
0.4638619600773997,0,0
-0.40680508142311367,0,0
0.0613302948974644,0,0
0.4112673477439711,0,0
-0.21232708638598363,0,0
1.2892209147400866,0,0
-2.4954722304495345,0,0
2.028141799368528,0,0
0.4047051179316621,0,0
-1.8623364522695587,0,0
0.4324139948811143,0,0
0.8047920377507236,0,0
3.547429118808106,0,0
4.198749349919425,0,0
-0.4898060722897146,0,0
1.1433131017193234,0,0
0.5574311661231671,0,0
1.1988437220438382,0,0
-0.6856430327430341,0,0
2.28257934481477,0,0
-1.121862084528733,0,0
3.134234382990142,0,0
-2.627875787368383,0,0
1.6879139152143483,0,0
-0.49273112023873855,0,0
-0.6887129005571767,0,0
1.0351487446625927,0,0
3.3448850382473876,0,0
8.204398520675221,0,1
0.045208919535395464,0,0
1.9401891783839733,0,0
3.2591558124818882,0,0
1.7813479198251891,0,0
3.008387658790364,0,0
-3.0361035767321845,0,0
-3.389287479783863,0,0
1.2692939775842786,0,0
3.909584408900299,0,0
1.5097072443721302,0,0
-2.7825061638140016,0,0
1.3784707666072666,0,0
-2.0719643037279614,0,0
-1.9785585455317123,0,0
-0.4496566255469769,0,0
-0.9859389782681132,0,0
5.78169976106948,0,0
-4.106350736535519,0,0
0.3237981017842474,0,0
3.1889784136640262,0,0
-2.1602618206124586,0,0
0.2859840594075296,0,0
0.5045758602371964,0,0
6.484307582159516,0,1
-3.063610365694887,0,0
6.022822504983374,0,0
3.55080617516034,0,0
3.4779839057533994,0,0
4.945919584981161,0,0
0.9038867620915224,0,0
3.653146866240949,0,0
-2.5928498348994338,0,0
5.130172045144411,0,0
1.9788012623885516,0,0
-4.4640974312295425,0,0
-1.809265479225329,0,0
2.8541886774216834,0,0
2.832349128799423,0,0
-1.1796661173132263,0,0
1.8603629693341919,0,0
2.9491836712060464,0,0
1.4464718748598835,0,0
-1.3094214054939504,0,0
-4.158547529024141,0,0
3.827930311077194,0,0
3.6910101767357255,0,0
2.272008689271546,0,0
7.989736117886638,0,1
5.409854367346875,0,0
-4.168626460494397,0,0
-0.5889816061196598,0,0
0.9427920372091068,0,0
-0.134119090452398,0,0
1.5595288407025816,0,0
0.37053981925930685,0,0
-4.815812539457026,0,0
4.78277250911369,0,0
-2.4392079478877036,0,0
1.8871339734589683,0,0
-0.6484620516528965,0,0
2.402156133413069,0,0
4.93486294384699,0,0
6.797233659048896,0,1
1.043357000646637,0,0
-2.7009156949489643,0,0
-1.3074783643880523,0,0
-0.3264831069663433,0,0
0.18749896947210232,0,0
-1.2908172634962036,0,0
3.4066333879645714,0,0
2.2652738035910174,0,0
3.6100975815091574,0,0
5.612043371168711,0,0
0.5510078444044785,0,0
0.19691966567953822,0,0
5.02180428833667,0,0
1.4254587897879816,0,0
2.0052063213802045,0,0
-3.243878564720252,0,0
0.29850686479921257,0,0
0.8605377873797126,0,0
0.45172509862326127,0,0
5.375337962964916,0,0
1.6748362049204677,0,0
2.8256851938777943,0,0
0.6329007064494335,0,0
-3.4860234170176656,0,0
-2.274075088268834,0,0
1.408530606111293,0,0
6.04983526121486,0,0
-3.2496779033839718,0,0
0.8700081994772697,0,0
1.7659569228019807,0,0
0.1671953910585781,0,0
3.3259701686787886,0,0
-1.316756688446644,0,0
6.800869540350882,0,1
1.4570927808140093,0,0
-1.364031127430096,0,0
-2.4318559238847834,0,0
4.62690076469436,0,0
1.864922738973069,0,0
-2.804065114596807,0,0
-3.7550093895995977,0,0
2.7944190906292468,0,0
0.9505836287650304,0,0
2.859564849469056,0,0
0.5349962775446935,0,0
-1.2351786496217616,0,0
0.5281431243508241,0,0
-1.3759086560744938,0,0
0.9825092769503971,0,0
-0.45118172534476164,0,0
4.963048392313581,0,0
-0.5057524969999954,0,0
6.328290448369864,0,1
0.2825138984795199,0,0
2.161958269498215,0,0
2.8165336576331272,0,0
-2.9568800425311004,0,0
0.5120621287001612,0,0
-1.1237994326285272,0,0
-2.1160059489336125,0,0
2.3131005474616817,0,0
0.6590692256912696,0,0
-9.298747644043086,0,0
2.464527978853405,0,0
-1.1844063510420906,0,0
5.700339005068465,0,0
7.135920300993915,0,1
-1.6107185653662437,0,0
4.3480988593142325,0,0
1.7241421912379389,0,0
0.3150454949265995,0,0
-1.6664168950583491,0,0
2.5806878286673687,0,0
-3.8173912821075815,0,0
3.7516056593385017,0,0
-0.15436244225954804,0,0
-0.3014096637001341,0,0
2.324026174192878,0,0
0.3037724220876677,0,0
3.1535375097841536,0,0
-1.9475233932106875,0,0
4.784308065086305,0,0
-0.8345333287940044,0,0
-2.9479763883795864,0,0
-1.3326544422158224,0,0
2.7145429127683407,0,0
-0.6348194471595074,0,0
0.6953993618231229,0,0
0.6119155776742956,0,0
-4.247363298962008,0,0
1.8119908997309628,0,0
-2.998592036113683,0,0
-1.8792135746677925,0,0
3.0403861853790173,0,0
-0.8619972816020431,0,0
3.50589743315008,0,0
-0.1514101475315217,0,0
0.8416313378761526,0,0
-4.213453077086551,0,0
-4.288577902503381,0,0
3.767050899204396,0,0
-0.6308307563429104,0,0
-0.7859814451461636,0,0
-0.2795231331305263,0,0
6.413629709538699,0,1
-4.033507937295724,0,0
0.18834420542152308,0,0
3.8500700509439314,0,0
1.1936926865386013,0,0
-1.9526969772778449,0,0
3.2285926996091416,0,0
0.4484150542941049,0,0
-0.20489670538522242,0,0
1.1797598743742026,0,0
-3.076317626997891,0,0
1.164480282561298,0,0
-0.4145871051113941,0,0
0.724216522198055,0,0
9.025026987320425,0,1
-6.557144422646994,0,0
0.8424034935112343,0,0
-3.5699525788126962,0,0
-3.9757065100497893,0,0
-0.1654912074360223,0,0
3.1047572287743512,0,0
5.325392513561314,0,0
-3.022001505864037,0,0
3.087745151846159,0,0
3.960982023611713,0,0
-1.0429364069177733,0,0
1.665336917859026,0,0
1.9242644621078977,0,0
4.439247699106047,0,0
7.642055840846692,0,1
0.1084273952032222,0,0
0.7434907105231743,0,0
-3.795117684503702,0,0
1.5497957027064093,0,0
2.8618754942579323,0,0
3.842196402417409,0,0
3.418874483437398,0,0
4.923782090770949,0,0
5.979135814580866,0,0
-1.8273585199613613,0,0
6.609414669960394,0,1
3.233127254153034,0,0
-2.9751910872696135,0,0
1.5625757926969688,0,0
-3.0350315021352716,0,0
3.8635068622272333,0,0
-0.9377070469236264,0,0
0.854810645283216,0,0
7.905951876267597,0,1
3.634940892171439,0,0
2.2745314630005504,0,0
1.4458074365493665,0,0
0.9599730435014339,0,0
0.3885973020890955,0,0
7.507489520631035,0,1
1.7252153950980404,0,0
3.2577756039232595,0,0
1.0911578738322047,0,0
-10.00826672001856,0,0
-6.759202030832605,0,0
-5.465623408369791,0,0
-2.419033132735434,0,0
-2.9307681566414607,0,0
6.069740630482051,0,0
-2.0702597296679373,0,0
-0.42142545930680575,0,0
-1.5915953040706299,0,0
0.5160733378692397,0,0
1.6748793333066017,0,0
5.082760054028149,0,0
-2.63791419332051,0,0
0.6993558885930122,0,0
2.9358226125048197,0,0
5.240998647574239,0,0
2.146036360047099,0,0
-1.3472634722819499,0,0
0.17835381728797484,0,0
6.586586836829048,0,1
6.62709931571179,0,1
6.544570322370449,0,1
-2.525984213223627,0,0
-2.261693303693909,0,0
1.6250261187759052,0,0
2.439364285664175,0,0
-0.6699176735637367,0,0
4.632948062574648,0,0
-1.1750553072719643,0,0
-8.198921743894937,0,0
1.0890326245485966,0,0
0.544416805690749,0,0
1.390932911701155,0,0
3.0084834850264,0,0
1.3341299353058975,0,0
-4.08973336253397,0,0
5.506334378293555,0,0
3.0668138199074457,0,0
0.031192310867815598,0,0
-3.0804030149911705,0,0
-0.07129049136099619,0,0
0.3892153257266925,0,0
3.393570511710484,0,0
-5.60739592255978,0,0
-4.763132978278078,0,0
-1.1312761629725543,0,0
3.2262392816389767,0,0
-0.2766682722760509,0,0
0.5330164479492447,0,0
-0.4709828496930755,0,0
0.8306193130445656,0,0
-2.0440264331125597,0,0
6.045040352594485,0,0
0.7151805050295522,0,0
0.556734737471456,0,0
0.7218681697828127,0,0
-2.0459647061169606,0,0
-2.3548751124438514,0,0
0.5681769384246298,0,0
0.1980081180059624,0,0
-2.2949762803786227,0,0
7.023448924951826,0,1
4.962367884214721,0,0
-5.765412037498412,0,0
1.654243940898342,0,0
-0.5238510537019883,0,0
-2.9671254142757495,0,0
0.04640020383242748,0,0
1.195779918731426,0,0
0.17881811315070884,0,0
-1.5529394622457044,0,0
-3.073440437254737,0,0
-0.4355775993532927,0,0
-1.5165895977050021,0,0
7.347485838234586,0,1
-3.080643177687315,0,0
2.448205710107458,0,0
-2.08914174928068,0,0
0.9377968795870584,0,0
-0.8428424786003061,0,0
0.6338528078943484,0,0
-1.5823358035614836,0,0
4.35517427441994,0,0
2.9090195688881084,0,0
-1.4227724358731735,0,0
-1.7675192171117904,0,0
-2.432517791979446,0,0
2.7836017055115057,0,0
3.045998720207185,0,0
1.1823906681199285,0,0
2.4665232207405317,0,0
-2.3693051465769073,0,0
3.3832737453232764,0,0
3.966251931524163,0,0
-3.491299783254435,0,0
-1.0647919130138694,0,0
0.7209323406656831,0,0
10.174368195314178,0,1
0.7047269931753821,0,0
2.2985127185074936,0,0
5.569751000017005,0,0
1.0195265304142314,0,0
-3.7750111775679684,0,0
2.288560186013288,0,0
-0.7533742259041442,0,0
-0.7199706336249042,0,0
1.5947610732673132,0,0
2.6211783473144603,0,0
-2.5572158081883467,0,0
0.6652596665802899,0,0
1.6384210668135188,0,0
4.184675882759242,0,0
2.6503794063069592,0,0
-2.7406519655178725,0,0
8.37516365422189,0,1
-0.6009063365289622,0,0
3.1166394731545126,0,0
1.3920484344049981,0,0
-0.6379437360718385,0,0
3.5517617002183215,0,0
1.255002715372318,0,0
-8.467856273807145,0,0
1.6042847466399115,0,0
-0.3213419573804306,0,0
-1.3534546725519514,0,0
5.28477354597273,0,0
-2.0902120121061993,0,0
-3.014875074800673,0,0
-1.8954793573288367,0,0
4.355929614164417,0,0
-1.7141044346183518,0,0
-0.9002921943141682,0,0
1.8324040984163243,0,0
2.0322900490165745,0,0
-0.1514972250151465,0,0
0.9862733409720428,0,0
-1.2445041029969843,0,0
5.70797474472777,0,0
0.5604631889007889,0,0
-2.900289766536722,0,0
-2.1827898867006734,0,0
1.9614075783261504,0,0
-3.4014237614320177,0,0
-0.21186974840986927,0,0
-0.28607544630251847,0,0
3.758045523419237,0,0
2.4580012197140766,0,0
6.723565965694334,0,1
-0.07107296665226936,0,0
0.4108351889537603,0,0
0.830440343636727,0,0
1.4185962354699688,0,0
3.7460751663457805,0,0
0.08055081912708412,0,0
-1.7786715828792756,0,0
-3.1722774090827333,0,0
1.887116860669155,0,0
-3.648564971784022,0,0
2.1367479038293755,0,0
0.8348014644851168,0,0
3.3410396077273052,0,0
-2.7760733873670884,0,0
-3.31668014576101,0,0
-0.20506110242973463,0,0
1.7261684449321977,0,0
1.4016698601388098,0,0
2.0210299962479454,0,0
1.270798862487052,0,0
5.662897395309116,0,0
2.25741511627046,0,0
-2.270276375742081,0,0
-0.8225479177782,0,0
-0.3376475401793732,0,0
1.4675622371880253,0,0
0.003910976334319027,0,0
1.6904666193888906,0,0
-0.2908077993876693,0,0
-0.2518796034703429,0,0
1.1420392886087511,0,0
0.8948779218388374,0,0
0.23919945489258287,0,0
1.0159391071087323,0,0
2.1463132914528464,0,0
4.303582177287966,0,0
1.6495401643534742,0,0
-0.7080166638824257,0,0
-0.9044898175703833,0,0
6.886160839909975,0,1
-4.400997398010216,0,0
-0.7750577272212957,0,0
-4.348574014520635,0,0
3.293108425991416,0,0
-2.338778800495741,0,0
1.352476714969279,0,0
-1.85906068864815,0,0
3.4101167882571226,0,0
-3.228244529295878,0,0
-3.3189111027782103,0,0
-7.165103417235028,0,0
-2.3295979822748736,0,0
0.7915213921093737,0,0
-2.224386987450848,0,0
0.6386979112544253,0,0
3.696389461995665,0,0
-1.0156323702303087,0,0
-2.4289263646272157,0,0
-2.7089105740679056,0,0
7.755512819851608,0,1
-1.9738668696497392,0,0
1.9014150126213019,0,0
3.139145833954527,0,0
-3.904440249603299,0,0
1.6966811513131468,0,0
2.4312625629885085,0,0
-0.8292811803075752,0,0
-2.1650127318726247,0,0
-4.202434203015618,0,0
4.418904504497576,0,0
6.077625388290982,0,0
5.112167057367346,0,0
7.883483571028018,0,1
2.0529196828295317,0,0
-2.5161970391961037,0,0
-0.44347821699479584,0,0
-1.5791708617048967,0,0
-0.9695488534445595,0,0
-2.2716297902637193,0,0
0.13617275948347146,0,0
-1.4171967479458658,0,0
3.5121937162841714,0,0
6.698826756283962,0,1
0.6025279596256133,0,0
-0.6308079708188641,0,0
-2.250917982993321,0,0
1.8441061554405207,0,0
3.606048737162302,0,0
0.7088553183236828,0,0
-2.0948506890134047,0,0
2.72185511728861,0,0
1.5120245848317193,0,0
7.160779436091424,0,1
4.342691929142725,0,0
-0.6959705643217231,0,0
6.537449185631215,0,1
1.3059750978445623,0,0
0.9106377700417093,0,0
0.19911199586933487,0,0
-1.3057865680736156,0,0
1.9027710449055375,0,0
0.7699955102669382,0,0
2.956935357468336,0,0
-2.4291838800219465,0,0
1.1791474725072462,0,0
0.7373621397141196,0,0
1.0890498583816135,0,0
0.8754078428216223,0,0
0.979094976431174,0,0
1.067003539098779,0,0
2.5096070753960698,0,0
-2.0366827704337873,0,0
0.4274227518563607,0,0
-6.720072838214618,0,0
-0.3019504860027271,0,0
-1.4629788361681688,0,0
-4.5361841396879985,0,0
2.7571213831639088,0,0
0.576438971731748,0,0
0.03795213401083576,0,0
4.245801849963103,0,0
2.757946634317494,0,0
0.518869190191344,0,0
1.816852725693444,0,0
-0.7681581563597839,0,0
-3.4200640501953035,0,0
-7.0834590598128235,0,0
2.518482032224948,0,0
-1.0888001070122086,0,0
-3.1733676222394087,0,0
-0.15847495556661806,0,0
-4.285303396572871,0,0
2.1379067416143136,0,0
1.0954813698050387,0,0
-4.631823195878079,0,0
0.48613998403961955,0,0
0.8833326941560016,0,0
4.669732307281483,0,0
3.1943388246376663,0,0
-3.139471843540071,0,0
-5.859224527571794,0,0
4.224839511735368,0,0
4.860218822778029,0,0
-4.126781153241024,0,0
-0.3332569768052888,0,0
-0.47373871623319436,0,0
-1.9649700298423856,0,0
-1.468625618812652,0,0
-0.3421239478595024,0,0
1.5006949824122984,0,0
0.033935242093352636,0,0
2.427778018764465,0,0
5.385030239377373,0,0
-1.3558926429518598,0,0
4.669145690287572,0,0
8.075242025861055,0,1
-1.2215751447035004,0,0
3.053931243964682,0,0
-1.1440055953684802,0,0
5.366005721799919,0,0
3.6758087455576742,0,0
5.1086069005268815,0,0
0.6322239728918405,0,0
-10.43515423589307,0,0
-5.547381986873559,0,0
-0.4480518039303906,0,0
10.316391920219019,0,1
6.456160442948579,0,1
-0.796486662446906,0,0
-5.737980693316531,0,0
4.003748083887653,0,0
-6.488061228524154,0,0
3.9084545742399937,0,0
6.807482276769149,0,1
6.821917740069962,0,1
1.9193373872989965,0,0
4.4920068258387,0,0
4.211535128079137,0,0
4.194661172302197,0,0
2.0396894125574168,0,0
0.8358023218073165,0,0
-2.0760956453325785,0,0
3.2774699940018666,0,0
-3.7806260291213185,0,0
-0.13650623766455006,0,0
-0.5405664973437662,0,0
-1.1153503630275954,0,0
2.7281247809944524,0,0
2.363617181591179,0,0
3.460415123294456,0,0
2.491786812339958,0,0
3.1326822180156815,0,0
3.3438491171205214,0,0
0.5684535700442334,0,0
0.9253946101960556,0,0
2.5609018027608696,0,0
1.5306521769942427,0,0
7.174985731304912,0,1
-0.11330398228262994,0,0
-3.080506303863699,0,0
-3.2907080247767997,0,0
3.365044030415651,0,0
-4.853022270866129,0,0
-1.247017735123669,0,0
2.0380227618822406,0,0
2.8209359177539786,0,0
-3.2964884479742236,0,0
-0.5976893975401241,0,0
1.4213622891270088,0,0
-4.322096694312484,0,0
-0.6687161295120853,0,0
-3.6511272666563754,0,0
-0.10363112126677143,0,0
2.097474850158174,0,0
4.558740905126994,0,0
-0.5459815837625293,0,0
0.3431394035841303,0,0
-1.2377143944793811,0,0
8.535433367180035,0,1
2.562914031723226,0,0
-5.4029055778341535,0,0
0.9232874790175734,0,0
2.113892998496768,0,0
1.440690831772822,0,0
1.9633256602529938,0,0
0.21734950804259717,0,0
-1.6029441366934147,0,0
1.1100512891649272,0,0
2.128906458122753,0,0
0.6245104112028498,0,0
-3.8589485307309013,0,0
0.10230239996090218,0,0
-2.6160732826668154,0,0
-2.6005422571920964,0,0
5.054367696924171,0,0
-0.7124108352916068,0,0
0.1575466760505404,0,0
2.028483414918612,0,0
-1.3394232879008894,0,0
-4.04833430122386,0,0
5.709060704369056,0,0
6.057843812190765,0,0
6.62422723893791,0,1
0.8744339836647332,0,0
-0.6912063027360977,0,0
-1.3063276480891775,0,0
-4.442949921663912,0,0
5.114357945087614,0,0
1.059766862542304,0,0
3.100854896697267,0,0
-0.057589997016539995,0,0
6.7836109345306665,0,1
-0.7838086764073031,0,0
-1.0504737151527725,0,0
-2.104818662392151,0,0
5.1325856576861755,0,0
1.972636140850959,0,0
1.1988369615548535,0,0
-1.912936025575649,0,0
1.7443049396102581,0,0
-0.9597073672567294,0,0
1.3711656994920691,0,0
4.348551161816884,0,0
0.0582460788961921,0,0
-1.8901873220770007,0,0
0.3874871232490902,0,0
-0.417434355883203,0,0
0.02664025279665383,0,0
1.7265479948536453,0,0
-0.9911861902935741,0,0
6.224754270070106,0,1
1.2612696263923178,0,0
-4.323203823475966,0,0
2.4531949256253434,0,0
-1.422341701948456,0,0
-1.4536907856424814,0,0
2.7498189851186825,0,0
-1.1083060789920849,0,0
-4.239459564897031,0,0
0.07418807646403103,0,0
3.920115898957671,0,0
-1.4959643125278728,0,0
1.9633404393806178,0,0
-3.739704980825845,0,0
-3.365058825570204,0,0
2.994129839101021,0,0
2.6071875923477665,0,0
-0.5149481739687265,0,0
-0.5801973026100782,0,0
-2.707427767015312,0,0
-0.19412250162676958,0,0
0.23455423711393458,0,0
1.7844717140563375,0,0
-0.26485417691946056,0,0
-1.4473830429496597,0,0
7.566157078912874,0,1
-3.6508773399898464,0,0
-0.2601103204848371,0,0
-7.890482894277336,0,0
0.2730904919086239,0,0
-1.023497340234373,0,0
5.50596739749592,0,0
-0.12745585142968185,0,0
-1.3062897953593644,0,0
-1.152292887584652,0,0
3.6177736124569826,0,0
-1.768590638783703,0,0
0.3559453556752099,0,0
6.296236233479951,0,1
-0.15445257210335156,0,0
-3.482383987074133,0,0
-0.8016665475375452,0,0
-4.133457777869993,0,0
-1.2816911595216032,0,0
7.125299072255284,0,1
-0.6142433873595521,0,0
-1.4319419541549054,0,0
4.492279871248542,0,0
-0.33299457933982635,0,0
-3.819297187793924,0,0
1.6771262262365956,0,0
1.4669633196489351,0,0
1.6565579529743808,0,0
-3.2017453123906527,0,0
3.2764013574829747,0,0
-2.1039409179634427,0,0
2.156749204656836,0,0
1.336525006468418,0,0
-5.023681289530305,0,0
6.024390650575961,0,0
3.7087875475212866,0,0
2.5458911573268628,0,0
2.649440011105574,0,0
1.7070327075434177,0,0
2.2460690779915504,0,0
1.7121956851118636,0,0
3.4700242772786103,0,0
-0.6713368284780129,0,0
3.6295176971952747,0,0
-1.7047088126604513,0,0
4.036652720134367,0,0
-1.2493524419302058,0,0
-0.6224677082422336,0,0
4.823247169609146,0,0
3.3642020241558006,0,0
3.4466507796318746,0,0
3.9501419944522476,0,0
1.8635618883127671,0,0
5.418984326558059,0,0
4.9476456346106295,0,0
-2.361284470293799,0,0
3.779080979138575,0,0
3.531344372622733,0,0
-2.7037764949889715,0,0
1.661177281392651,0,0
0.5041177986429072,0,0
5.557637187726165,0,0
3.3703006355449596,0,0
-0.07694908857358168,0,0
0.22584229827340507,0,0
-2.956392030895968,0,0
1.0709571854251632,0,0
2.3169065277699596,0,0
-4.742629081900788,0,0
-1.5968138379670112,0,0
-2.1598032458339835,0,0
-0.41186937252118894,0,0
-3.2867450185441696,0,0
-5.30208285490669,0,0
3.195739326587969,0,0
6.06757856846837,0,0
2.3905000548560644,0,0
1.5081299677668292,0,0
1.639159486234762,0,0
1.1188949203065712,0,0
2.9515718843855283,0,0
-1.3808999709715328,0,0
-0.6608312187597978,0,0
2.3424257247325624,0,0
4.6743044233282705,0,0
0.3885286631598483,0,0
1.2941415076615592,0,0
0.10605960847364337,0,0
2.697534837965503,0,0
2.8344066672651196,0,0
0.06695252194767232,0,0
-4.64351926012396,0,0
-1.8271295131507594,0,0
-1.8847103537838459,0,0
3.303806714506548,0,0
-4.628037657149096,0,0
3.042485951437222,0,0
0.42548258415526063,0,0
1.9378187661727235,0,0
-2.1220243417379145,0,0
-1.8764771886850835,0,0
1.0416212994486784,0,0
-2.76009231117151,0,0
-0.5606832530120827,0,0
-3.815670032493498,0,0
-2.2398915342290406,0,0
3.04021005586063,0,0
-2.1697315497565097,0,0
1.335651611167686,0,0
-2.6394971888185172,0,0
2.736827258825255,0,0
-2.2714061274335924,0,0
1.3529239797625554,0,0
-1.1338076374119215,0,0
1.051406447580409,0,0
-1.6137966980623082,0,0
0.06456114020672954,0,0
-4.334955227124389,0,0
-0.334395369842863,0,0
1.0303546299455126,0,0
-3.996070918135528,0,0
-0.06086850435291491,0,0
5.124787521210802,0,0
-1.3442353363875963,0,0
-2.7877666145832953,0,0
0.11681285465071056,0,0
5.497118242996649,0,0
-0.9608775071271883,0,0
-1.7424929414372552,0,0
4.307203912334805,0,0
-3.7638713281144796,0,0
-5.303563194950906,0,0
-1.5226438953853894,0,0
2.2916872024763233,0,0
0.8041103773008303,0,0
3.8537226784606973,0,0
5.704062458482305,0,0
-1.4292366140266117,0,0
-0.561772325957018,0,0
-1.8173627325619404,0,0
-1.4918564007668165,0,0
-0.0009683145293160611,0,0
0.7101879730086939,0,0
-2.313680265851383,0,0
6.008432454396981,0,0
2.082501809349819,0,0
3.275835196414272,0,0
0.2894150516804969,0,0
5.235426154604134,0,0
-0.1907880258323225,0,0
-0.13360982046044478,0,0
2.805544921547153,0,0
0.64458119024142,0,0
-3.831933386385023,0,0
3.366331666551836,0,0
2.092231983111649,0,0
1.810841082085119,0,0
1.1993363935612484,0,0
-2.689135096814224,0,0
-2.3717137900418543,0,0
-2.807934708413755,0,0
-2.139553634146008,0,0
2.651761018286212,0,0
2.360205367991098,0,0
0.13152817670576988,0,0
4.401148264802482,0,0
1.339905940609544,0,0
0.9922513063665819,0,0
7.33619201610695,0,1
3.8010896741043254,0,0
0.9369842488625104,0,0
3.086206579438936,0,0
4.405705303741416,0,0
-0.7723987740057938,0,0
0.20522223685900853,0,0
-5.452403779328984,0,0
1.6528292285769455,0,0
3.614079827372434,0,0
-3.2928810506047403,0,0
-3.2134759932385415,0,0
-6.5989073736868,0,0
1.6845173862276281,0,0
6.8600869418130195,0,1
2.15693069011793,0,0
3.527642037865689,0,0
-2.3331717680381505,0,0
0.40826790374501404,0,0
0.24019522796354392,0,0
8.540048622918793,0,1
0.46030999983566767,0,0
3.505375497951918,0,0
-2.6542738646376587,0,0
7.237957863899906,0,1
3.179792049682335,0,0
-6.1464245405772795,0,0
-1.4756192354574393,0,0
1.0229422765990437,0,0
-5.755531368008852,0,0
5.7389989471197564,0,0
2.72899590097632,0,0
6.583791737839563,0,1
-2.462969906660154,0,0
3.8877524188461368,0,0
-0.17693580239566364,0,0
1.5840704998355721,0,0
3.7378919129100003,0,0
-1.1700800928843975,0,0
-1.5986951301842722,0,0
-4.060758605250161,0,0
3.0932432169488795,0,0
1.9909572314240267,0,0
4.566702248699657,0,0
3.971813475934858,0,0
-2.416110697461076,0,0
1.036473620007019,0,0
4.302772252482085,0,0
5.49612945368689,0,0
4.466247927570439,0,0
1.6035252547620567,0,0
2.5407160074653814,0,0
-0.0412482003285384,0,0
-6.549178258842943,0,0
-1.4370013568604652,0,0
0.22073433293320588,0,0
-4.067093297664181,0,0
0.7487643875247885,0,0
5.937757925448105,0,0
0.18923517881633317,0,0
-1.5423458135033221,0,0
-3.7998535959036026,0,0
4.2485657269159045,0,0
1.233096789871964,0,0
2.360704469386072,0,0
-1.6716774856840186,0,0
-2.6987553373280933,0,0
5.244343808234263,0,0
1.6506171680965913,0,0
3.2996695324886116,0,0
0.5629628024708435,0,0
2.1997133575320444,0,0
2.8822575447824095,0,0
-1.8417280914295044,0,0
3.5852251640763644,0,0
-0.3508095767247828,0,0
2.303461597705767,0,0
6.965363418192228,0,1
2.255782867784936,0,0
5.118041404118345,0,0
-0.45491563265189683,0,0
1.564774066180584,0,0
-2.3115101111479124,0,0
-0.6340229073566074,0,0
5.7328304561668,0,0
2.029294506119439,0,0
2.3519156846189815,0,0
2.8289323207935437,0,0
-0.04400879438577138,0,0
-1.6938874312888035,0,0
-0.002814897365540636,0,0
8.927876210539527,0,1
2.6943356028902845,0,0
4.34812607143617,0,0
-1.035995001762331,0,0
5.382294558803549,0,0
-3.4326196484165448,0,0
1.9099858882621255,0,0
2.847546725358095,0,0
4.9583811811744445,0,0
-2.805056303862932,0,0
-4.500575046729636,0,0
3.9591378286562406,0,0
6.156012690918942,0,0
10.584154165579571,0,1
-3.062091237123983,0,0
-0.22040593354705507,0,0
1.0829265760044118,0,0
1.263187493443898,0,0
2.264985279173843,0,0
1.5637173825793211,0,0
-2.7833734789655895,0,0
-2.815249708490066,0,0
-2.02489273315441,0,0
2.598633953984645,0,0
3.664760649361598,0,0
-0.9772875321172658,0,0
2.488907082913007,0,0
3.7974906801453434,0,0
0.4359421844270592,0,0
-9.18841642900086,0,0
-3.154105721938143,0,0
4.263508268361845,0,0
1.0635139969130596,0,0
-1.2178247280167644,0,0
6.739249276906303,0,1
1.417650774449796,0,0
-0.8677055834681806,0,0
-0.4242383377053512,0,0
2.3741235389611126,0,0
-1.4693659484326498,0,0
-0.7423806604820825,0,0
2.256596201025339,0,0
-0.47558076462991944,0,0
-1.0762219497852685,0,0
1.4236440899963865,0,0
-0.23311130950564649,0,0
-0.4930667170097406,0,0
4.810466893743226,0,0
-2.2939334539461034,0,0
0.9710020986236121,0,0
0.3191553473343251,0,0
0.976022029797099,0,0
1.9093868446175097,0,0
-1.6425395814091663,0,0
0.867682009142947,0,0
0.22671026025214572,0,0
6.648907965314328,0,1
5.179651891262693,0,0
0.7929681631534966,0,0
1.511027992924157,0,0
3.3892569459996844,0,0
3.7338301613108347,0,0
-1.795599197835612,0,0
2.612901727130034,0,0
3.4407905624226434,0,0
2.934967340291364,0,0
3.8643859535822855,0,0
-5.963830492926715,0,0
1.5854845502981425,0,0
-0.8996468377144066,0,0
-1.2345181864774348,0,0
-0.6069780896370102,0,0
2.31178210125202,0,0
2.310996302527045,0,0
4.993264331690218,0,0
0.36330380665398154,0,0
3.2012891630909905,0,0
4.620510466443776,0,0
2.879078004630285,0,0
0.34212090432248765,0,0
4.3545465399358,0,0
1.4608040719416766,0,0
-4.885536751841441,0,0
6.404699621360593,0,1
3.97680078811311,0,0
-1.3481279753564412,0,0
1.5255086190033447,0,0
-5.4275564531961,0,0
-1.3134144251952151,0,0
3.88696212558351,0,0
3.281558799896544,0,0
-5.753508461555797,0,0
-1.257887977586555,0,0
2.356109494764007,0,0
5.195698384124011,0,0
-1.5349931526688958,0,0
-1.071910288766628,0,0
-1.4502836911877837,0,0
1.0344893770579588,0,0
3.192854776904035,0,0
-0.199569797105741,0,0
-4.6832654103842115,0,0
0.1872067506724755,0,0
1.139982770215263,0,0
4.017524387611725,0,0
3.274790286957342,0,0
0.8634361298688507,0,0
1.134864725116158,0,0
4.980008959452684,0,0
-4.964121944603553,0,0
-2.6916279356095973,0,0
-0.6619219241439165,0,0
2.8023257997832736,0,0
6.284293698536738,0,1
0.3214409429362278,0,0
2.137006450777829,0,0
-3.5797267620683253,0,0
-3.037697994791913,0,0
4.410333280557488,0,0
-1.7138735280026716,0,0
-0.8945675953129255,0,0
0.03575455891281343,0,0
-0.5110015165860482,0,0
3.148407531700959,0,0
2.206472065081936,0,0
2.9798483411185477,0,0
-9.753123856909967,0,0
1.3446346467762202,0,0
-0.34844461474531324,0,0
4.889205049174329,0,0
4.928694844139248,0,0
-2.7229814396916194,0,0
-3.131817958054283,0,0
2.2103688183123023,0,0
2.4404477111949476,0,0
-4.730001454477513,0,0
0.7769503713947418,0,0
4.388162564026165,0,0
5.6568975191697515,0,0
-3.893909472064189,0,0
2.0206573302603097,0,0
7.49219477796147,0,1
0.9144472984260702,0,0
2.0297100307768106,0,0
11.366109379785192,0,1
1.9274857927124667,0,0
0.5180767889108024,0,0
-2.1992277487530503,0,0
-1.0405270570600589,0,0
-1.2217491252741755,0,0
7.600147516379806,0,1
5.968135028778776,0,0
-1.815869583434905,0,0
-0.6000598236433083,0,0
0.7018358523912538,0,0
-4.460861523483029,0,0
-1.216860252179956,0,0
-5.730585365531264,0,0
-0.5018794471894104,0,0
-1.42359361069779,0,0
-6.902915455477707,0,0
0.4657922130882052,0,0
1.2145038852964234,0,0
-3.9333258884001663,0,0
2.4664966595398807,0,0
2.434543367304417,0,0
-5.1626697557932015,0,0
1.2692490468568334,0,0
0.2712627015988162,0,0
1.546538394979871,0,0
-0.8161639396207201,0,0
7.469295673050553,0,1
-1.2820777150918787,0,0
-1.201974644795412,0,0
-1.59858826173943,0,0
2.7181793845196656,0,0
3.4668227492002024,0,0
-2.433908365153678,0,0
3.030444749241183,0,0
-4.574146058954371,0,0
2.913002296821148,0,0
-3.6613674138230494,0,0
0.15306677471616414,0,0
0.63173669301062,0,0
5.256245436157591,0,0
-2.6672120434683464,0,0
-2.6214195686735513,0,0
1.8093594679999292,0,0
6.242724187914355,0,1
1.1361104263564903,0,0
-0.5506578772286284,0,0
0.2324874771606044,0,0
5.63391097320033,0,0
4.49784422359433,0,0
-2.7566649137306096,0,0
0.3389134500012856,0,0
3.068530374253109,0,0
2.5448742686263337,0,0
5.879352839150061,0,0
1.738152941061273,0,0
1.6894005724251335,0,0
0.9418213132394964,0,0
2.1184019967537666,0,0
0.5293063052462244,0,0
-3.4255583922851405,0,0
4.905986951977944,0,0
-8.206427125624693,0,0
-0.7574864417473777,0,0
2.0134022828236877,0,0
4.47055694843925,0,0
-2.007692523004061,0,0
3.0627290120299424,0,0
-0.8326035318120271,0,0
2.2563386412025994,0,0
0.3480509498768005,0,0
-2.9988635113611917,0,0
-0.0517388857690434,0,0
0.35702989431905807,0,0
-1.2690584280845019,0,0
-0.4155681498374501,0,0
0.4494452406230288,0,0
2.158098517812653,0,0
4.809407284685373,0,0
2.1157587639746587,0,0
2.8646095997124212,0,0
-1.5060965200932976,0,0
-0.8291192717712672,0,0
3.4655801126969963,0,0
-3.30696213071013,0,0
0.24702748070174996,0,0
1.142457317729102,0,0
1.3685272572933518,0,0
-0.8343800889719876,0,0
1.9236440147285552,0,0
0.11723225613874722,0,0
3.213679517584094,0,0
4.40536374932996,0,0
3.081870048279564,0,0
-2.5153849867559237,0,0
2.3680099168184703,0,0
5.149728358302193,0,0
0.34011514840923857,0,0
-1.9608554185593885,0,0
-0.1414075744289781,0,0
0.45335493096545326,0,0
5.527521650666911,0,0
-2.213437852642564,0,0
2.764632484345576,0,0
3.384512629076128,0,0
0.5753714731325772,0,0
3.5668883575393675,0,0
1.725394831313534,0,0
1.6092206201133115,0,0
-1.1720318719638358,0,0
3.892041634082448,0,0
3.0975938542635544,0,0
-0.7661391267808604,0,0
1.9307908906821059,0,0
-2.4055748481389694,0,0
3.539058465913877,0,0
0.7934146275066042,0,0
-2.8700747666404482,0,0
5.045042564835129,0,0
1.4313683339465701,0,0
-1.465329647132089,0,0
8.070170315909746,0,1
-2.608526835402096,0,0
-4.942247496016748,0,0
6.78737705251364,0,1
0.5802933005797972,0,0
-3.4199142979900494,0,0
2.7719050085933654,0,0
-2.914586162222252,0,0
-0.19635569020252147,0,0
-0.6614281251916592,0,0
-2.5523553228009783,0,0
-0.8075353241598653,0,0
-2.03895849428028,0,0
3.5068808953099957,0,0
1.5924572186202113,0,0
-0.22059899903536567,0,0
-1.057199183054931,0,0
0.0034296000884729283,0,0
4.344389653209186,0,0
5.728345814642271,0,0
1.9947045607922642,0,0
1.5299674141691704,0,0
-3.2412598584013694,0,0
3.009115005274696,0,0
0.4238944727278749,0,0
-0.5670585805681121,0,0
-0.39804661609655945,0,0
3.8931905623728387,0,0
4.4076753690409,0,0
-0.005118978296102306,0,0
0.4512179429839835,0,0
-0.48573130890730326,0,0
-0.10428625428415633,0,0
-0.38690079056610305,0,0
6.747209066444116,0,1
0.43690081371852774,0,0
0.25750743749791694,0,0
0.4583503374908218,0,0
5.409500970955174,0,0
-1.1857470702021156,0,0
0.6781834035770545,0,0
0.4557121200964306,0,0
3.044082449237932,0,0
4.416958968287305,0,0
0.5944685233838719,0,0
-1.137566794937043,0,0
2.6852565860654116,0,0
5.393059592259499,0,0
2.239882202582357,0,0
1.3657577675022243,0,0
0.7725543934489285,0,0
2.8660298902119066,0,0
1.4277776771092994,0,0
2.9506903093427965,0,0
-1.754625055485418,0,0
-5.406358200499302,0,0
1.628916178942621,0,0
0.15933141684464536,0,0
6.415452713911983,0,1
-3.4285649564247334,0,0
-3.714419710558432,0,0
5.5216721800953215,0,0
0.029716227649984273,0,0
4.425168865226415,0,0
2.74799204679912,0,0
-1.174606434611102,0,0
-3.093099771345883,0,0
6.105673274877123,0,0
7.61382921147152,0,1
4.517770856409485,0,0
3.295312623803597,0,0
2.0987927867403506,0,0
5.596684367639612,0,0
0.8644189746639059,0,0
-1.0642927298061466,0,0
-3.53516119788868,0,0
-1.9258320847960548,0,0
1.523517532030098,0,0
3.1182426672698846,0,0
2.4176366121067803,0,0
5.740509077297209,0,0
-0.5255689642662948,0,0
1.7025134462606293,0,0
0.40772036717757054,0,0
-1.640655573326593,0,0
1.0883098228949595,0,0
-4.878809973182251,0,0
-2.5510102645037063,0,0
-2.5277254297794856,0,0
5.397380642101162,0,0
0.2527639007928193,0,0
-0.09201994022923965,0,0
-3.158018860555266,0,0
0.10323351763080707,0,0
-1.9397639230724508,0,0
1.8675174438937088,0,0
8.364895529262789,0,1
-1.8646152725811427,0,0
-2.673594609270508,0,0
-3.3887310934620545,0,0
-1.3721910334949083,0,0
-2.4287500975630123,0,0
-0.587202234174335,0,0
2.25645819822633,0,0
-0.800027962080779,0,0
0.1459531618844358,0,0
0.14383168025642215,0,0
-2.5929977341544106,0,0
-1.6992856521584523,0,0
2.4019581989401053,0,0
-0.4650440714127816,0,0
-6.289375768005701,0,0
-1.7148095503917826,0,0
-2.679079648431069,0,0
2.4579821121205088,0,0
3.6939848901335934,0,0
2.6046820203597902,0,0
1.173408565591286,0,0
-3.1759507501619844,0,0
0.8292765071560951,0,0
-0.4126927086457479,0,0
6.67140511827527,0,1
3.6201426025384027,0,0
-0.3381405381189185,0,0
-0.99582979660874,0,0
6.537672249031158,0,1
-0.3304324394939393,0,0
-0.2195972200371208,0,0
5.154775475308266,0,0
1.7034453956371276,0,0
1.7494612278592683,0,0
-7.373851777774194,0,0
-1.662561701740563,0,0
3.6536408551091193,0,0
6.122769026856525,0,0
3.323189947777427,0,0
1.0483923233246624,0,0
0.3100076387777499,0,0
1.4195632028372769,0,0
3.390486130157625,0,0
2.4013820987414607,0,0
-2.3394423532377733,0,0
3.7117206951059263,0,0
2.6051898431713596,0,0
-3.4062653584419604,0,0
-5.021805767532659,0,0
2.8109329788448485,0,0
5.5830844834153694,0,0
-0.19787860360836218,0,0
3.443852373206964,0,0
0.1524459642357986,0,0
-0.591698418368955,0,0
6.627191461083582,0,1
3.5102804387085023,0,0
-3.0506096340055473,0,0
2.9835285655893538,0,0
-0.11335080271952745,0,0
7.983336856335127,0,1
3.1693395287297474,0,0
-0.9009331580019593,0,0
2.8088598274151413,0,0
0.4945184996848556,0,0
-2.1250391925237047,0,0
-2.2575162245448306,0,0
2.8125080463469643,0,0
1.6821818690566963,0,0
4.846350596131814,0,0
2.2081565354239485,0,0
7.964016534818336,0,1
1.555400990509515,0,0
-1.7224964845811064,0,0
-0.28724327824459145,0,0
-4.927540168002952,0,0
2.080252462404275,0,0
0.9204788870655167,0,0
2.316324794733863,0,0
-2.453562531658089,0,0
2.293104794697289,0,0
4.199920456135855,0,0
2.202614843938035,0,0
-2.316296404171115,0,0
3.8176439935470308,0,0
-1.3130734188895636,0,0
1.0416159266953264,0,0
0.9979430332500004,0,0
-4.866944948110771,0,0
1.143787110583292,0,0
6.628499205949888,0,1
2.3204152459781597,0,0
5.307836230575396,0,0
-1.2842146641703278,0,0
3.8008575046998363,0,0
-2.2070630242026654,0,0
2.2382446659401296,0,0
-1.2982300437410652,0,0
-0.1645786067354309,0,0
-0.7205649648443772,0,0
0.1581168021749274,0,0
2.4293559153264077,0,0
4.395006452234249,0,0
0.36651008414853614,0,0
1.7690765610020835,0,0
1.403077412956157,0,0
-0.4531850201115447,0,0
8.60424165549139,0,1
-0.9305710208129545,0,0
1.746721961603153,0,0
-1.3255150132417648,0,0
1.8363136022420594,0,0
-3.929330080819689,0,0
3.0735386937209412,0,0
-0.17500535177315485,0,0
6.274349721728482,0,1
1.6214782345124834,0,0
-4.199627326623642,0,0
0.41077034701117265,0,0
4.576610354208241,0,0
1.2372256457417652,0,0
0.35956416374641176,0,0
2.058399119537886,0,0
2.3122962599682997,0,0
-3.919270193374479,0,0
-1.067400775962663,0,0
0.4289600538050623,0,0
6.6091709446311295,0,1
-4.514332273159348,0,0
3.98083420398506,0,0
2.572902937456378,0,0
2.387991393184904,0,0
3.1536307903871355,0,0
9.051866617022485,0,1
2.720376655702213,0,0
1.5383679641710137,0,0
1.8196508522910944,0,0
1.3120372796696227,0,0
-2.1014595628083006,0,0
-2.291628125389642,0,0
2.6201101362249797,0,0
-1.2440186489021405,0,0
1.9219127682317572,0,0
0.6278759871066577,0,0
-0.8174443393513653,0,0
-5.569303265032924,0,0
-3.2271686545712934,0,0
-0.36250024890021965,0,0
-1.9659542705350765,0,0
3.1315408950583565,0,0
2.8865028384902667,0,0
2.326119359877786,0,0
-0.8652411015966086,0,0
0.305985382057575,0,0
2.639797628809532,0,0
1.6043125578493325,0,0
3.9896010618506206,0,0
-0.19974087265747603,0,0
-1.8129183671674607,0,0
6.31920639181834,0,1
1.848301009652228,0,0
-1.6366616104072316,0,0
1.0541444208212043,0,0
-2.6782614535953706,0,0
0.1367724979641361,0,0
0.8433775291599863,0,0
4.101677867888451,0,0
4.5786851919929505,0,0
-0.0818282637307963,0,0
4.733358664312629,0,0
6.693308289075086,0,1
4.025223210461079,0,0
-3.5508587918974808,0,0
2.78008942604602,0,0
2.404312850757274,0,0
-3.676392948044726,0,0
2.3617766026129905,0,0
8.220221701207516,0,1
-2.343038365104184,0,0
-0.7982764339014883,0,0
4.392077783195601,0,0
-0.684090284502024,0,0
2.058856987671087,0,0
8.180069209730396,0,1
3.0614362313941244,0,0
-3.4667877934125917,0,0
-1.0990582385188192,0,0
2.3967512459104916,0,0
1.9332658378167769,0,0
4.701968986083963,0,0
2.9299336595937304,0,0
3.3509534364844726,0,0
0.4290798219233084,0,0
1.0759870313916922,0,0
0.12656746768363963,0,0
3.221375808668664,0,0
6.585877162418708,0,1
1.260526305737252,0,0
5.27106209163418,0,0
2.649586693861656,0,0
4.053387576763366,0,0
-1.8177871402557562,0,0
-0.20446900108474786,0,0
-1.7051818424123422,0,0
-1.3787213098654068,0,0
0.4915488987524679,0,0
3.646618923296637,0,0
-1.0791202848593833,0,0
6.538980345804895,0,1
0.9476933304749429,0,0
7.504848250783927,0,1
3.8233671471706927,0,0
0.510466107353047,0,0
